{
    "tables": [
        {
            "name": "NoteTypes",
            "schema": "ref",
            "pkColumn": "Id",
            "pkConstraint": "PK_NoteTypes",
            "depTables": [
                {
                    "name": "Notes",
                    "schema": "app_generated",
                    "fkColumn": "NoteTypeId",
                    "fkConstraint": "FK_Notes_NoteTypes_NoteTypeId",
                    "indexes": [
                        {
                            "name": "IX_Notes_NoteTypeId",
                            "columns": "NoteTypeId"
                        }
                    ]
                }
            ]
        }
    ]
}