{
    "tables": [
      {
        "name": "CaseItemDetail",
        "schema": "config",
        "pkColumn": "Id",
        "pkConstraint": "PK_CaseItemDetail"
      },
      {
        "name": "ClaimDetail",
        "schema": "config",
        "pkColumn": "Id",
        "pkConstraint": "PK_ClaimDetail"
      },
      {
        "name": "EntityDetail",
        "schema": "config",
        "pkColumn": "Id",
        "pkConstraint": "PK_EntityDetail",
        "depTables": [
          {
            "name": "EntityDetailItem",
            "schema": "config",
            "fkColumn": "EntityDetailId",
            "fkConstraint": "FK_EntityDetailItem_EntityDetail_EntityDetailId",
            "isNullable": false,
            "indexes": [
              {
                "name": "IX_EntityDetailItem_EntityDetailId",
                "columns": "EntityDetailId"
              }
            ]
          }
        ]
      },
      {
        "name": "EntityDetailItem",
        "schema": "config",
        "pkColumn": "Id",
        "pkConstraint": "PK_EntityDetailItem"
      },
      {
        "name": "FeatureFlag",
        "schema": "config",
        "pkColumn": "Id",
        "pkConstraint": "PK_FeatureFlag",
        "depTables": [
          {
            "name": "MenuItem",
            "schema": "app_generated",
            "fkColumn": "FeatureFlagId",
            "fkConstraint": "FK_MenuItem_FeatureFlag_FeatureFlagId",
            "isNullable": true,
            "indexes": [
              {
                "name": "IX_MenuItem_FeatureFlagId",
                "columns": "FeatureFlagId"
              }
            ]
          }
        ]
      },
      {
        "name": "FEFilter",
        "schema": "config",
        "pkColumn": "Id",
        "pkConstraint": "PK_FEFilter"
      },
      {
        "name": "GeoNode",
        "schema": "app_generated",
        "pkColumn": "RowId",
        "pkConstraint": "PK_GeoNode"
      },
      {
        "name": "GeoSpatialIcon",
        "schema": "config",
        "pkColumn": "RowID",
        "pkConstraint": "PK_GeoSpatialIcon"
      },
      {
        "name": "GridColumn",
        "schema": "config",
        "pkColumn": "Id",
        "pkConstraint": "PK_GridColumn"
      },
      {
        "name": "GridConfiguration",
        "schema": "config",
        "pkColumn": "Id",
        "pkConstraint": "PK_GridConfiguration",
        "depTables": [
          {
            "name": "EntityDetail",
            "schema": "config",
            "fkColumn": "GridConfigurationId",
            "fkConstraint": "FK_EntityDetail_GridConfiguration_GridConfigurationId",
            "isNullable": true,
            "indexes": [
              {
                "name": "IX_EntityDetail_GridConfigurationId",
                "columns": "GridConfigurationId"
              }
            ]
          },
          {
            "name": "GeoSpatialMaps",
            "schema": "config",
            "fkColumn": "GridConfigurationId",
            "fkConstraint": "FK_GeoSpatialMaps_GridConfiguration_GridConfigurationId",
            "isNullable": true,
            "indexes": [
              {
                "name": "IX_GeoSpatialMaps_GridConfigurationId",
                "columns": "GridConfigurationId"
              }
            ]
          },
          {
            "name": "GridColumn",
            "schema": "config",
            "fkColumn": "GridConfigurationId",
            "fkConstraint": "FK_GridColumn_GridConfiguration_GridConfigurationId",
            "isNullable": false,
            "indexes": [
              {
                "name": "IX_GridColumn_GridConfigurationId",
                "columns": "GridConfigurationId"
              }
            ]
          },
          {
            "name": "SearchCore",
            "schema": "app_generated",
            "fkColumn": "GridConfigurationId",
            "fkConstraint": "FK_SearchCore_GridConfiguration_GridConfigurationId",
            "isNullable": true,
            "indexes": [
              {
                "name": "IX_SearchCore_GridConfigurationId",
                "columns": "GridConfigurationId"
              }
            ]
          },
          {
            "name": "WatchlistConfiguration",
            "schema": "app_generated",
            "fkColumn": "GridConfigurationId",
            "fkConstraint": "FK_WatchlistConfiguration_GridConfiguration_GridConfigurationId",
            "isNullable": false,
            "indexes": [
              {
                "name": "IX_WatchlistConfiguration_GridConfigurationId",
                "columns": "GridConfigurationId"
              }
            ]
          },
          {
            "name": "WorkingFolderConfiguration",
            "schema": "app_generated",
            "fkColumn": "GridConfigurationId",
            "fkConstraint": "FK_WorkingFolderConfiguration_GridConfiguration_GridConfigurationId",
            "isNullable": false,
            "indexes": [
              {
                "name": "IX_WorkingFolderConfiguration_GridConfigurationId",
                "columns": "GridConfigurationId"
              }
            ]
          }
        ]
      },
      {
        "name": "GroupRole",
        "schema": "config",
        "pkColumn": "Id",
        "pkConstraint": "PK_GroupRole"
      },
      {
        "name": "KeyValueFilter",
        "schema": "config",
        "pkColumn": "Key",
        "pkConstraint": "PK_KeyValueFilter",
        "depTables": [
          {
            "name": "KeyValueFilterDetail",
            "schema": "config",
            "fkColumn": "KeyValueFilterID",
            "fkConstraint": "FK_KeyValueFilterDetail_KeyValueFilter_KeyValueFilterID",
            "isNullable": false,
            "indexes": [
              {
                "name": "IX_KeyValueFilterDetail_KeyValueFilterID",
                "columns": "KeyValueFilterID"
              }
            ]
          }
        ]
      },
      {
        "name": "KeyValueFilterDetail",
        "schema": "config",
        "pkColumn": "RowID",
        "pkConstraint": "PK_KeyValueFilterDetail"
      },
      {
        "name": "MenuComponent",
        "schema": "config",
        "pkColumn": "Id",
        "pkConstraint": "PK_MenuComponent"
      },
      {
        "name": "MenuRole",
        "schema": "config",
        "pkColumn": "Id",
        "pkConstraint": "PK_MenuRole"
      },
      {
        "name": "MiniProfileItemMapping",
        "schema": "config",
        "pkColumn": "RowNumber",
        "pkConstraint": "PK_MiniProfileItemMapping"
      },
      {
        "name": "Scorecard",
        "schema": "config",
        "pkColumn": "Id",
        "pkConstraint": "PK_Scorecard"
      },
      {
        "name": "SocialNetworkItemMapping",
        "schema": "config",
        "pkColumn": "Id",
        "pkConstraint": "PK_SocialNetworkItemMapping"
      }
    ]
  }